sasdate,CPI_raw,CPI_t
1961-01-01,29.84,NA
1961-02-01,29.84,0
1961-03-01,29.84,0
1961-04-01,29.81,-0.10058676455804161
1961-05-01,29.84,0.10058676455804161
1961-06-01,29.84,0
1961-07-01,29.92,0.2677377770716305
1961-08-01,29.94,0.06682258852057643
1961-09-01,29.98,0.13351136829693466
1961-10-01,29.98,0
1961-11-01,29.98,0
1961-12-01,30.01,0.10001667778238854
1962-01-01,30.04,0.09991674436582443
1962-02-01,30.11,0.2327515597708718
1962-03-01,30.17,0.19907106773273675
1962-04-01,30.21,0.13249422276104816
1962-05-01,30.24,0.09925559127519357
1962-06-01,30.21,-0.09925559127519357
1962-07-01,30.22,0.03309614460129673
1962-08-01,30.28,0.19834717246545175
1962-09-01,30.42,0.46128582618987224
1962-10-01,30.38,-0.13157896635198618
1962-11-01,30.38,0
1962-12-01,30.38,0
1963-01-01,30.44,0.19730358258582825
1963-02-01,30.48,0.13131978249605325
1963-03-01,30.51,0.09837679101325492
1963-04-01,30.48,-0.09837679101325492
1963-05-01,30.51,0.09837679101325492
1963-06-01,30.61,0.3272254228742888
1963-07-01,30.69,0.26101156743236764
1963-08-01,30.75,0.19531256208820125
1963-09-01,30.72,-0.09760859730554294
1963-10-01,30.75,0.09760859730554294
1963-11-01,30.78,0.097513415820627
1963-12-01,30.88,0.3243596745842403
1964-01-01,30.94,0.1941119988344564
1964-02-01,30.91,-0.09700890008947916
1964-03-01,30.94,0.09700890008947916
1964-04-01,30.95,0.0323153985684943
1964-05-01,30.98,0.09688358581176892
1964-06-01,31.01,0.09678981236351802
1964-07-01,31.02,0.032242463603493476
1964-08-01,31.05,0.0966650631095245
1964-09-01,31.08,0.09657171199588532
1964-10-01,31.12,0.1286173810743918
1964-11-01,31.21,0.28878569724972714
1964-12-01,31.25,0.12808198997227294
1965-01-01,31.28,0.09595394946995128
1965-02-01,31.28,0
1965-03-01,31.31,0.09586196612039188
1965-04-01,31.38,0.2233211966572224
1965-05-01,31.48,0.31816762443162006
1965-06-01,31.61,0.41211026783236626
1965-07-01,31.58,-0.0949517400030242
1965-08-01,31.55,-0.09504198402736641
1965-09-01,31.62,0.22162427941037066
1965-10-01,31.65,0.09483168088593175
1965-11-01,31.75,0.3154576748515492
1965-12-01,31.85,0.31446566794715025
1966-01-01,31.88,0.09414719038418617
1966-02-01,32.08,0.6253929076299514
1966-03-01,32.18,0.3112358565923401
1966-04-01,32.28,0.3102701837510935
1966-05-01,32.35,0.2166177545161574
1966-06-01,32.38,0.09269273025793723
1966-07-01,32.45,0.21594949006100705
1966-08-01,32.65,0.6144412572341107
1966-09-01,32.75,0.3058106358820645
1966-10-01,32.85,0.3048782849358833
1966-11-01,32.88,0.0912825257359362
1966-12-01,32.92,0.12158056208901868
1967-01-01,32.9,-0.06077180375432256
1967-02-01,33,0.3034903695154245
1967-03-01,33,0
1967-04-01,33.1,0.3025720916537189
1967-05-01,33.1,0
1967-06-01,33.3,0.6024114603380593
1967-07-01,33.4,0.299850299625648
1967-08-01,33.5,0.298953884836628
1967-09-01,33.6,0.29806281381379307
1967-10-01,33.7,0.2971770389157413
1967-11-01,33.9,0.5917177028088361
1967-12-01,34,0.2945510229757087
1968-01-01,34.1,0.29368596733094776
1968-02-01,34.2,0.29282597790887266
1968-03-01,34.3,0.291971010333425
1968-04-01,34.4,0.2911210207458659
1968-05-01,34.5,0.29027596579616066
1968-06-01,34.7,0.5780362915499104
1968-07-01,34.9,0.5747142255568161
1968-08-01,35,0.2861232281031967
1968-09-01,35.1,0.2853068982406448
1968-10-01,35.3,0.5681833467431119
1968-11-01,35.4,0.28288562004776807
1968-12-01,35.6,0.5633817718256218
1969-01-01,35.7,0.2805050927608299
1969-02-01,35.8,0.27972046210611445
1969-03-01,36.1,0.8344971932180645
1969-04-01,36.3,0.552487593196993
1969-05-01,36.4,0.2751033371890088
1969-06-01,36.6,0.5479465764625324
1969-07-01,36.8,0.5449604767564953
1969-08-01,36.9,0.27137058715962503
1969-09-01,37.1,0.5405418566907905
1969-10-01,37.3,0.5376357036380064
1969-11-01,37.5,0.5347606326595589
1969-12-01,37.7,0.531916147759981
1970-01-01,37.9,0.5291017634415862
1970-02-01,38.1,0.5263170044274457
1970-03-01,38.3,0.5235614053944904
1970-04-01,38.5,0.5208345107138523
1970-05-01,38.6,0.2594035177046372
1970-06-01,38.8,0.5167970158442614
1970-07-01,38.9,0.25740039951727134
1970-08-01,39,0.2567395505245873
1970-09-01,39.2,0.5115100666770456
1970-10-01,39.4,0.5089069507471233
1970-11-01,39.6,0.5063301956546695
1970-12-01,39.8,0.5037794029957077
1971-01-01,39.9,0.25094116054260596
1971-02-01,39.9,0
1971-03-01,40,0.25031302181184323
1971-04-01,40.1,0.24968801985871814
1971-05-01,40.3,0.49751346401136765
1971-06-01,40.5,0.4950505159856178
1971-07-01,40.6,0.24660924951938057
1971-08-01,40.7,0.24600258408624676
1971-09-01,40.8,0.24539889615664556
1971-10-01,40.9,0.24479816386397957
1971-11-01,41,0.24420036555521385
1971-12-01,41.1,0.24360547978812264
1972-01-01,41.2,0.24301348532915767
1972-02-01,41.4,0.4842624475787982
1972-03-01,41.4,0
1972-04-01,41.5,0.24125464053836865
1972-05-01,41.6,0.2406740030565402
1972-06-01,41.7,0.24009615375382154
1972-07-01,41.8,0.23952107259543887
1972-08-01,41.9,0.238948739738154
1972-09-01,42.1,0.4761913760243708
1972-10-01,42.2,0.23724803536304684
1972-11-01,42.4,0.47281411959461117
1972-12-01,42.5,0.2355713692459016
1973-01-01,42.7,0.4694844304207635
1973-02-01,43,0.7001195458983478
1973-03-01,43.4,0.9259325412796837
1973-04-01,43.7,0.6888660995185258
1973-05-01,43.9,0.4566217979581122
1973-06-01,44.2,0.6810469002526798
1973-07-01,44.2,0
1973-08-01,45,1.7937700686667224
1973-09-01,45.2,0.4434597067866086
1973-10-01,45.6,0.8810629682154847
1973-11-01,45.9,0.6557400546158831
1973-12-01,46.3,0.8676844025688801
1974-01-01,46.8,1.0741241831413006
1974-02-01,47.3,1.0627092574285957
1974-03-01,47.8,1.051534399952292
1974-04-01,48.1,0.6256537614305557
1974-05-01,48.6,1.0341353794732555
1974-06-01,49,0.8196767204178279
1974-07-01,49.3,0.6103782938017943
1974-08-01,49.9,1.2096921708828479
1974-09-01,50.6,1.3930573535946955
1974-10-01,51,0.7874056430905885
1974-11-01,51.5,0.9756174945364737
1974-12-01,51.9,0.773698250215249
1975-01-01,52.3,0.7677580899034364
1975-02-01,52.6,0.5719748672786906
1975-03-01,52.8,0.3795070968551695
1975-04-01,53,0.3780722839906048
1975-05-01,53.1,0.1885014695771403
1975-06-01,53.5,0.7504725654067457
1975-07-01,54,0.9302392662313697
1975-08-01,54.2,0.3696861881326008
1975-09-01,54.6,0.7352974305258719
1975-10-01,54.9,0.5479465764625324
1975-11-01,55.3,0.7259560012804478
1975-12-01,55.6,0.5410292728247335
1976-01-01,55.8,0.35906681307285027
1976-02-01,55.9,0.1790510773788334
1976-03-01,56,0.17873105740964235
1976-04-01,56.1,0.1784121793501292
1976-05-01,56.4,0.5333345975362391
1976-06-01,56.7,0.5305052229693352
1976-07-01,57,0.5277057100843585
1976-08-01,57.3,0.5249355886143725
1976-09-01,57.6,0.5221943981151611
1976-10-01,57.9,0.5194816877104103
1976-11-01,58.1,0.3448279278916111
1976-12-01,58.4,0.5150225976315426
1977-01-01,58.7,0.5123836999869624
1977-02-01,59.3,1.0169579169629017
1977-03-01,59.6,0.5046268067624204
1977-04-01,60,0.6688988150796327
1977-05-01,60.2,0.33277900926753645
1977-06-01,60.5,0.4971012722020163
1977-07-01,60.8,0.4946423935325406
1977-08-01,61.1,0.49220772054283657
1977-09-01,61.3,0.32679767646159874
1977-10-01,61.6,0.48820275973087135
1977-11-01,62,0.6472514505617255
1977-12-01,62.3,0.48270407483155253
1978-01-01,62.7,0.640002184546784
1978-02-01,63,0.47732787526575393
1978-03-01,63.4,0.6329135051647228
1978-04-01,63.9,0.7855499940308874
1978-05-01,64.5,0.9345862418237871
1978-06-01,65,0.7722046093910251
1978-07-01,65.5,0.7662872745569871
1978-08-01,65.9,0.6088298867254593
1978-09-01,66.5,0.9063506153347056
1978-10-01,67.1,0.8982096315827803
1978-11-01,67.5,0.5943553900848109
1978-12-01,67.9,0.5908436686166141
1979-01-01,68.5,0.8797710703529305
1979-02-01,69.2,1.016711735544451
1979-03-01,69.9,1.0064786616140076
1979-04-01,70.6,0.9964495259431772
1979-05-01,71.4,1.1267724846343086
1979-06-01,72.2,1.114217655324179
1979-07-01,73,1.1019395249610042
1979-08-01,73.7,0.954335804690043
1979-09-01,74.4,0.9453142643755186
1979-10-01,75.2,1.0695289116747553
1979-11-01,76,1.0582109330536937
1979-12-01,76.9,1.1772536225267416
1980-01-01,78,1.4202950177993223
1980-02-01,79,1.2739025777429802
1980-03-01,80.1,1.382800160729225
1980-04-01,80.9,0.9937969990132522
1980-05-01,81.7,0.9840177801510919
1980-06-01,82.5,0.9744291474677702
1980-07-01,82.6,0.12113871862977632
1980-08-01,83.2,0.7237667300230122
1980-09-01,83.9,0.8378265645998084
1980-10-01,84.7,0.948998818484803
1980-11-01,85.6,1.0569681489687177
1980-12-01,86.4,0.9302392662314141
1981-01-01,87.2,0.9216655104923532
1981-02-01,88,0.9132483563273119
1981-03-01,88.6,0.6795043132828305
1981-04-01,89.1,0.5627476865728731
1981-05-01,89.7,0.6711434587986176
1981-06-01,90.5,0.8879081641130604
1981-07-01,91.5,1.0989121575595284
1981-08-01,92.2,0.7621158281072127
1981-09-01,93.1,0.9714053720473181
1981-10-01,93.4,0.32171609517757105
1981-11-01,93.8,0.4273510777381695
1981-12-01,94.1,0.3193190579155569
1982-01-01,94.4,0.31830265601211494
1982-02-01,94.7,0.3172927040576923
1982-03-01,94.7,0
1982-04-01,95,0.31628914085084503
1982-05-01,95.9,0.942909028885186
1982-06-01,97,1.1404996613990193
1982-07-01,97.5,0.5141399500418586
1982-08-01,97.7,0.20491810449358994
1982-09-01,97.7,0
1982-10-01,98.1,0.40858075225802537
1982-11-01,98,-0.10198879007452533
1982-12-01,97.7,-0.30659196218350004
1983-01-01,97.9,0.20449904877271052
1983-02-01,98,0.10209291341078952
1983-03-01,98.1,0.10198879007452533
1983-04-01,98.8,0.711023818250478
1983-05-01,99.2,0.40404095370050186
1983-06-01,99.4,0.20140993717010502
1983-07-01,99.8,0.40160696548898756
1983-08-01,100.1,0.3001503003756234
1983-09-01,100.4,0.29925209364547456
1983-10-01,100.8,0.39761483796389996
1983-11-01,101.1,0.2971770389157413
1983-12-01,101.4,0.29629651306573024
1984-01-01,102.1,0.6879634013536418
1984-02-01,102.6,0.48852075660494876
1984-03-01,102.9,0.2919710103334694
1984-04-01,103.3,0.3879733285589104
1984-05-01,103.5,0.1934236579830717
1984-06-01,103.7,0.19305025300582201
1984-07-01,104.1,0.38498603854417723
1984-08-01,104.4,0.287769982761521
1984-09-01,104.7,0.28694424279525066
1984-10-01,105.1,0.38131600064144067
1984-11-01,105.3,0.19011412570240083
1984-12-01,105.5,0.18975337761917288
1985-01-01,105.7,0.18939399600705897
1985-02-01,106.3,0.5660392471710018
1985-03-01,106.8,0.469264117819268
1985-04-01,107,0.1870907935811239
1985-05-01,107.2,0.1867414174795634
1985-06-01,107.5,0.2794598931015635
1985-07-01,107.7,0.1858736594625654
1985-08-01,107.9,0.18552881017459555
1985-09-01,108.1,0.18518523810735488
1985-10-01,108.5,0.3693448335352123
1985-11-01,109,0.45977092486291227
1985-12-01,109.5,0.4576667027412107
1986-01-01,109.9,0.3646312153020581
1986-02-01,109.7,-0.18214941283911656
1986-03-01,109.1,-0.548447444216027
1986-04-01,108.7,-0.3673098711860945
1986-05-01,109,0.27560881019796923
1986-06-01,109.4,0.366300775873718
1986-07-01,109.5,0.091365926867492675
1986-08-01,109.6,0.09128252573598061
1986-09-01,110,0.36429912785012064
1986-10-01,110.2,0.18165309263977747
1986-11-01,110.4,0.1813237124181022
1986-12-01,110.8,0.36166404701880595
1987-01-01,111.4,0.5400553180000323
1987-02-01,111.8,0.35842332278148703
1987-03-01,112.2,0.35714323675977155
1987-04-01,112.7,0.4446427957134347
1987-05-01,113,0.2658397666610135
1987-06-01,113.5,0.44150182091167167
1987-07-01,113.8,0.263968477077281
1987-08-01,114.3,0.438404910853496
1987-09-01,114.7,0.34934533345598595
1987-10-01,115,0.2612104227925016
1987-11-01,115.4,0.34722257107491217
1987-12-01,115.6,0.17316021642779234
1988-01-01,116,0.3454234868087269
1988-02-01,116.2,0.17226533114467202
1988-03-01,116.5,0.2578428587944437
1988-04-01,117.2,0.5990604137156907
1988-05-01,117.5,0.25564564413009805
1988-06-01,118,0.42462908814515643
1988-07-01,118.5,0.42283361095210026
1988-08-01,119,0.4210532536343514
1988-09-01,119.5,0.4192878260036004
1988-10-01,119.9,0.33416906619025966
1988-11-01,120.3,0.33305609471652176
1988-12-01,120.7,0.3319505122852284
1989-01-01,121.2,0.4133945531727967
1989-02-01,121.6,0.3294895896853056
1989-03-01,122.2,0.49220772054283657
1989-04-01,123.1,0.7337986452912837
1989-05-01,123.7,0.48622462080345485
1989-06-01,124.1,0.32284128121187194
1989-07-01,124.5,0.3218023694200767
1989-08-01,124.5,0
1989-09-01,124.8,0.2406740030565402
1989-10-01,125.4,0.4796172263493048
1989-11-01,125.9,0.39793128514808984
1989-12-01,126.3,0.31720883061439054
1990-01-01,127.5,0.945633524203604
1990-02-01,128,0.39138993211356166
1990-03-01,128.6,0.4676547883901705
1990-04-01,128.9,0.2330098141623438
1990-05-01,129.1,0.15503879074545424
1990-06-01,129.9,0.61776258239572
1990-07-01,130.5,0.4608303086194532
1990-08-01,131.6,0.8393792128468469
1990-09-01,132.5,0.6815626535059849
1990-10-01,133.4,0.676948805524713
1990-11-01,133.7,0.22463506263736832
1990-12-01,134.2,0.3732740429684078
1991-01-01,134.7,0.371885887873713
1991-02-01,134.8,0.07421150618878158
1991-03-01,134.8,0
1991-04-01,135.1,0.22230464879466894
1991-05-01,135.6,0.36941305401416713
1991-06-01,136,0.2945510229757531
1991-07-01,136.2,0.1469507979359186
1991-08-01,136.6,0.29325534212780724
1991-09-01,137,0.2923978691435458
1991-10-01,137.2,0.14587894636592935
1991-11-01,137.8,0.4363643287773833
1991-12-01,138.2,0.28985527540115186
1992-01-01,138.3,0.0723327337142976
1992-02-01,138.6,0.2166848085090045
1992-03-01,139.1,0.360101217359432
1992-04-01,139.4,0.21543993970265518
1992-05-01,139.7,0.21497679364923528
1992-06-01,140.1,0.2859187080045622
1992-07-01,140.5,0.28510354308393104
1992-08-01,140.8,0.21329549501416523
1992-09-01,141.1,0.21284151348259783
1992-10-01,141.7,0.42432878378662053
1992-11-01,142.1,0.28188884064199726
1992-12-01,142.3,0.14064699927516244
1993-01-01,142.8,0.3507544809678187
1993-02-01,143.1,0.20986366569202275
1993-03-01,143.3,0.1396648271721368
1993-04-01,143.8,0.3483110452820348
1993-05-01,144.2,0.27777795639023495
1993-06-01,144.3,0.06932409289763797
1993-07-01,144.5,0.13850417726617437
1993-08-01,144.8,0.20739723991294312
1993-09-01,145,0.1380262468957838
1993-10-01,145.6,0.4129393342011234
1993-11-01,146,0.2743485945750912
1993-12-01,146.3,0.20526863177421362
1994-01-01,146.3,0
1994-02-01,146.7,0.2730377122857064
1994-03-01,147.1,0.2722942458456501
1994-04-01,147.2,0.06795786873841081
1994-05-01,147.5,0.20359694850986543
1994-06-01,147.9,0.2708193936879155
1994-07-01,148.4,0.33749610165259014
1994-08-01,149,0.4034975212179326
1994-09-01,149.3,0.20113985996852435
1994-10-01,149.4,0.06695681535724418
1994-11-01,149.8,0.2673798384402737
1994-12-01,150.1,0.20006675562962428
1995-01-01,150.5,0.2661345549514138
1995-02-01,150.9,0.26542815848733525
1995-03-01,151.2,0.1986097971629519
1995-04-01,151.8,0.3960401216096976
1995-05-01,152.1,0.19743343037168515
1995-06-01,152.4,0.19704439872993973
1995-07-01,152.6,0.13114755978103076
1995-08-01,152.9,0.19639940846598591
1995-09-01,153.1,0.13071897286218714
1995-10-01,153.5,0.2609264363613306
1995-11-01,153.7,0.13020835172987688
1995-12-01,153.9,0.13003903002832828
1996-01-01,154.7,0.5184716734186523
1996-02-01,155,0.1937359340226763
1996-03-01,155.5,0.32206147000417573
1996-04-01,156.1,0.38510959020978675
1996-05-01,156.4,0.19200005898243333
1996-06-01,156.7,0.19163212507642413
1996-07-01,157,0.1912655986332723
1996-08-01,157.2,0.12730746467983778
1996-09-01,157.7,0.31756139738865485
1996-10-01,158.2,0.31655613645611425
1996-11-01,158.7,0.31555721988096863
1996-12-01,159.1,0.25173078113773784
1997-01-01,159.4,0.18838310123738822
1997-02-01,159.7,0.188028886485192
1997-03-01,159.8,0.06259781112074592
1997-04-01,159.9,0.06255865077342548
1997-05-01,159.9,0
1997-06-01,160.2,0.18744147943507983
1997-07-01,160.4,0.12476607981550814
1997-08-01,160.8,0.24906613124517918
1997-09-01,161.2,0.24844733276614406
1997-10-01,161.5,0.18593125901835705
1997-11-01,161.7,0.12376239203497619
1997-12-01,161.8,0.061823804133087634
1998-01-01,162,0.1235330607991969
1998-02-01,162,0
1998-03-01,162,0
1998-04-01,162.2,0.1233806448929009
1998-05-01,162.6,0.2463055432397887
1998-06-01,162.8,0.12292564547298213
1998-07-01,163.2,0.24539889615660115
1998-08-01,163.4,0.12247398958962208
1998-09-01,163.5,0.061180791140547086
1998-10-01,163.9,0.24434954124759045
1998-11-01,164.1,0.12195123462612756
1998-12-01,164.4,0.1826484526034733
1999-01-01,164.7,0.1823154561514606
1999-02-01,164.7,0
1999-03-01,164.8,0.060698029177697066
1999-04-01,165.9,0.6652579721027507
1999-05-01,166,0.060259116014460545
1999-06-01,166,0
1999-07-01,166.7,0.42080014002046084
1999-08-01,167.1,0.2396645844600087
1999-09-01,167.8,0.41803584317579023
1999-10-01,168.1,0.17862463814637408
1999-11-01,168.4,0.1783061393656027
1999-12-01,168.8,0.23724803536309125
2000-01-01,169.3,0.29577069772326325
2000-02-01,170,0.4126147911172495
2000-03-01,171,0.5865119452398204
2000-04-01,170.9,-0.05849663811146044
2000-05-01,171.2,0.17538735860958
2000-06-01,172.2,0.582412828598855
2000-07-01,172.7,0.289939315900245
2000-08-01,172.7,0
2000-09-01,173.6,0.519781707361755
2000-10-01,173.9,0.1726619133987306
2000-11-01,174.2,0.17236430581650808
2000-12-01,174.6,0.2293578987099032
2001-01-01,175.6,0.5711037795514962
2001-02-01,176,0.22753138371349735
2001-03-01,176.1,0.05680204640086117
2001-04-01,176.4,0.17021280705309394
2001-05-01,177.3,0.5089069507471677
2001-06-01,177.7,0.2253522080443382
2001-07-01,177.4,-0.1689665285127262
2001-08-01,177.4,0
2001-09-01,178.1,0.39381204201376363
2001-10-01,177.6,-0.2811359737546759
2001-11-01,177.5,-0.05632216425990322
2001-12-01,177.4,-0.056353903999184496
2002-01-01,177.7,0.1689665285127262
2002-02-01,178,0.1686815131479058
2002-03-01,178.5,0.2805050927608299
2002-04-01,179.3,0.447177939139376
2002-05-01,179.5,0.11148273172461032
2002-06-01,179.6,0.05569479397662391
2002-07-01,180,0.22246950221109785
2002-08-01,180.5,0.2773926882725597
2002-09-01,180.8,0.16606701851404893
2002-10-01,181.2,0.22099456508026805
2002-11-01,181.5,0.16542600960258724
2002-12-01,181.8,0.16515280384732378
2003-01-01,182.6,0.43907864174901334
2003-02-01,183.6,0.5461510025521754
2003-03-01,183.9,0.16326534238855217
2003-04-01,183.2,-0.38136793702454597
2003-05-01,182.9,-0.16388968432101692
2003-06-01,183.1,0.10928962836445066
2003-07-01,183.7,0.3271540540615625
2003-08-01,184.5,0.43454712595014655
2003-09-01,185.1,0.32467560988704847
2003-10-01,184.9,-0.10810811863732894
2003-11-01,185,0.05406866852455394
2003-12-01,185.5,0.269905696916517
2004-01-01,186.3,0.43033955600533247
2004-02-01,186.7,0.2144772940133599
2004-03-01,187.1,0.21401827323677125
2004-04-01,187.4,0.160213652427732
2004-05-01,188.2,0.4259857346958107
2004-06-01,188.9,0.3712547356184537
2004-07-01,189.1,0.10582011569475469
2004-08-01,189.2,0.05286809533657788
2004-09-01,189.8,0.31662295580501265
2004-10-01,190.8,0.5254872838358793
2004-11-01,191.7,0.47058910374122576
2004-12-01,191.7,0
2005-01-01,191.6,-0.052178451483886334
2005-02-01,192.4,0.4166672694846163
2005-03-01,193.1,0.36316512028626846
2005-04-01,193.7,0.3102380978481811
2005-05-01,193.6,-0.05163955704734491
2005-06-01,193.7,0.05163955704734491
2005-07-01,194.9,0.6176036100564275
2005-08-01,196.1,0.6138126688785661
2005-09-01,198.8,1.3674561020173392
2005-10-01,199.1,0.15079168476770377
2005-11-01,198.1,-0.5035257365645585
2005-12-01,198.1,0
2006-01-01,199.3,0.6039273514243604
2006-02-01,199.4,0.05016303089888652
2006-03-01,199.7,0.1503382894031624
2006-04-01,200.7,0.4995015380522716
2006-05-01,201.3,0.298507684345406
2006-06-01,201.8,0.24807752737627808
2006-07-01,202.9,0.5436138912259914
2006-08-01,203.8,0.4425873956855675
2006-09-01,202.8,-0.4918849071596121
2006-10-01,201.9,-0.44477463982364185
2006-11-01,202,0.049517208241312005
2006-12-01,203.1,0.543077118513402
2007-01-01,203.437,0.16579060562325054
2007-02-01,204.226,0.38708491335395223
2007-03-01,205.288,0.5186647493199636
2007-04-01,205.904,0.2996169481998656
2007-05-01,206.755,0.41244766569237257
2007-06-01,207.234,0.23140721794590036
2007-07-01,207.603,0.1779012466680996
2007-08-01,207.667,0.03082332001183019
2007-09-01,208.547,0.4228600245438585
2007-10-01,209.19,0.30784944010990856
2007-11-01,210.834,0.7828164082873457
2007-12-01,211.445,0.28938234029487475
2008-01-01,212.174,0.3441775367173605
2008-02-01,212.687,0.2414908637454083
2008-03-01,213.448,0.357164189274517
2008-04-01,213.942,0.23117069655080869
2008-05-01,215.208,0.5900052068123607
2008-06-01,217.463,1.0423718797166082
2008-07-01,219.016,0.7116065393504734
2008-08-01,218.69,-0.14895846082954023
2008-09-01,218.877,0.0854726299673203
2008-10-01,216.995,-0.863561639955801
2008-11-01,213.153,-1.7864094092818306
2008-12-01,211.398,-0.8267605054081528
2009-01-01,211.933,0.2527574332266802
2009-02-01,212.705,0.36360422314452023
2009-03-01,212.495,-0.09877705412728588
2009-04-01,212.709,0.1006575752197314
2009-05-01,213.022,0.14704123326474416
2009-06-01,214.79,0.826535985544119
2009-07-01,214.726,-0.0298009855155712
2009-08-01,215.445,0.3342859790879338
2009-09-01,215.861,0.1929025466836265
2009-10-01,216.509,0.2997434998585291
2009-11-01,217.234,0.3342996544930976
2009-12-01,217.347,0.05200411547976458
2010-01-01,217.488,0.06485218758465194
2010-02-01,217.281,-0.09522298767450366
2010-03-01,217.353,0.03313132458968582
2010-04-01,217.403,0.023001407787592854
2010-05-01,217.29,-0.051990716457517294
2010-06-01,217.199,-0.04188828777280662
2010-07-01,217.605,0.18675086613582081
2010-08-01,217.923,0.14602967272390188
2010-09-01,218.275,0.1613946310657255
2010-10-01,219.035,0.3475798701795263
2010-11-01,219.59,0.2530636859233937
2010-12-01,220.472,0.4008531438849161
2011-01-01,221.187,0.3237794880806
2011-02-01,221.898,0.3209319251425313
2011-03-01,223.046,0.5160211385656588
2011-04-01,224.093,0.4683116049055691
2011-05-01,224.806,0.3176663791119694
2011-06-01,224.806,0
2011-07-01,225.395,0.2616610518663798
2011-08-01,226.106,0.31494972889110073
2011-09-01,226.597,0.21691934558836223
2011-10-01,226.75,0.06749796769751626
2011-11-01,227.169,0.18461448804947267
2011-12-01,227.223,0.023768024196879622
2012-01-01,227.842,0.2720492157261667
2012-02-01,228.329,0.21351650368677255
2012-03-01,228.807,0.20912821313983088
2012-04-01,229.187,0.1659410766074565
2012-05-01,228.713,-0.2070321770282213
2012-06-01,228.524,-0.08267047975740738
2012-07-01,228.59,0.028876823050083544
2012-08-01,229.918,0.5792717743123177
2012-09-01,231.015,0.47599198634582507
2012-10-01,231.638,0.2693164754400179
2012-11-01,231.249,-0.168075617407748
2012-12-01,231.221,-0.012108893564644063
2013-01-01,231.679,0.19788297664797838
2013-02-01,232.937,0.5415237848954924
2013-03-01,232.282,-0.28158799739523843
2013-04-01,231.797,-0.20901621343405452
2013-05-01,231.893,0.04140697507883928
2013-06-01,232.445,0.23775795219549423
2013-07-01,232.9,0.1955538987195915
2013-08-01,233.456,0.23844456313710793
2013-09-01,233.544,0.03768736661315941
2013-10-01,233.669,0.05350878634899914
2013-11-01,234.1,0.18427904455773358
2013-12-01,234.719,0.2640679493365994
2014-01-01,235.288,0.24212417175748513
2014-02-01,235.547,0.11001732077007276
2014-03-01,236.028,0.2039973140249174
2014-04-01,236.468,0.18624501675628125
2014-05-01,236.918,0.19011974817404464
2014-06-01,237.231,0.13202602787965034
2014-07-01,237.498,0.11248524027509532
2014-08-01,237.46,-0.016001414896038568
2014-09-01,237.477,0.0071588442287051635
2014-10-01,237.43,-0.01979334907824537
2014-11-01,236.983,-0.18844345845421273
2014-12-01,236.252,-0.30893766581243653
2015-01-01,234.747,-0.639069349248711
2015-02-01,235.342,0.25314368884981064
2015-03-01,235.976,0.2690329596581442
2015-04-01,236.222,0.10419358923821065
2015-05-01,237.001,0.32923197040535257
2015-06-01,237.657,0.27640971717151075
2015-07-01,238.034,0.15850629039944053
2015-08-01,238.033,-4.2010893430699525e-4
2015-09-01,237.498,-0.22501171352722338
2015-10-01,237.733,0.09889928020463401
2015-11-01,238.017,0.11939045033511064
2015-12-01,237.761,-0.1076132249516526
2016-01-01,237.652,-0.04585486804522532
2016-02-01,237.336,-0.13305601262363353
2016-03-01,238.08,0.3129893008927631
2016-04-01,238.992,0.38233269232099687
2016-05-01,239.557,0.23613057911546775
2016-06-01,240.222,0.2772111434034663
2016-07-01,240.101,-0.05038276433131372
2016-08-01,240.545,0.1847514080185242
2016-09-01,241.176,0.2619775184768969
2016-10-01,241.741,0.2339947683755561
2016-11-01,242.026,0.1178253303642407
2016-12-01,242.637,0.25213409056821234
2017-01-01,243.618,0.4034925423658464
2017-02-01,244.006,0.15913904232975895
2017-03-01,243.892,-0.04673107988741876
2017-04-01,244.193,0.12333918811604505
2017-05-01,244.004,-0.07742776356360892
2017-06-01,244.163,0.06514164440556414
2017-07-01,244.243,0.03275963060049847
2017-08-01,245.183,0.38412391487883113
2017-09-01,246.435,0.5093396526107519
2017-10-01,246.626,0.07747520471248492
2017-11-01,247.284,0.26644546143197445
2017-12-01,247.805,0.21046728661735514
2018-01-01,248.859,0.42443244618279863
2018-02-01,249.529,0.26886698861776637
2018-03-01,249.577,0.019234391150568797
2018-04-01,250.227,0.2601021066075404
2018-05-01,250.792,0.22554044437663734
2018-06-01,251.018,0.09007393845479328
2018-07-01,251.214,0.07805158171940718
2018-08-01,251.663,0.17857254132316314
2018-09-01,252.182,0.20601581183248285
2018-10-01,252.772,0.2336847588066071
2018-11-01,252.594,-0.07044399795823608
2018-12-01,252.767,0.06846591120321932
2019-01-01,252.561,-0.08153120801193126
2019-02-01,253.319,0.29967603671732235
2019-03-01,254.277,0.37746599164281136
2019-04-01,255.233,0.37526294749232747
2019-05-01,255.296,0.02468028273403533
2019-06-01,255.213,-0.03251656708549433
2019-07-01,255.802,0.23052171103783436
2019-08-01,256.036,0.09143518703291775
2019-09-01,256.43,0.15376632893948639
2019-10-01,257.155,0.2823293054042608
2019-11-01,257.879,0.28114667260625836
2019-12-01,258.63,0.29079862276493174
2020-01-01,259.127,0.1919820118897242
2020-02-01,259.25,0.047455810079632954
2020-03-01,258.076,-0.4538731922905548
2020-04-01,256.032,-0.7951678519018124
2020-05-01,255.802,-0.08987289452484504
2020-06-01,257.042,0.4835787945001613
2020-07-01,258.352,0.5083500471799063
2020-08-01,259.316,0.3724399090982544
2020-09-01,259.997,0.2622697257172568
2020-10-01,260.319,0.12377095499918056
2020-11-01,260.911,0.22715509642852183
2020-12-01,262.045,0.4336891736264725
2021-01-01,262.639,0.2264220954979912
2021-02-01,263.573,0.3549903768219842
2021-03-01,264.847,0.4821931298899962
2021-04-01,266.625,0.6690876031452575
2021-05-01,268.404,0.6650131324619224
2021-06-01,270.71,0.8554829085201554
2021-07-01,271.965,0.4625244344546253
2021-08-01,272.752,0.28895758626878987
2021-09-01,273.942,0.4353447740258254
2021-10-01,276.528,0.9395676509309503
2021-11-01,278.824,0.8268676737057667
2021-12-01,280.806,0.7083281049546919
2022-01-01,282.542,0.6163172657454474
2022-02-01,284.525,0.699391106575753
2022-03-01,287.467,1.0286947872727659
2022-04-01,288.582,0.3871203291625491
2022-05-01,291.299,0.937095674013122
2022-06-01,295.072,1.2869163284292995
2022-07-01,294.94,-0.044744853393652306
2022-08-01,295.162,0.07524123303204178
2022-09-01,296.421,0.42563829614890025
2022-10-01,297.979,0.5242273109029583
2022-11-01,298.708,0.24434933649217783
2022-12-01,298.808,0.03347190734093175
2023-01-01,300.456,0.5500093963505925
2023-02-01,301.476,0.33890903833135866
2023-03-01,301.643,0.05537879067576412
2023-04-01,302.858,0.40198498798771354
2023-05-01,303.316,0.15111175575093228
2023-06-01,304.099,0.2578139933007151
2023-07-01,304.615,0.16953778739940972
2023-08-01,306.138,0.4987296523514928
2023-09-01,307.374,0.4029266492597827
2023-10-01,307.653,0.09072773037228643
2023-11-01,308.087,0.14096861398344984
2023-12-01,308.735,0.2101093146444022
2024-01-01,309.794,0.3424256695411465
2024-02-01,311.022,0.3956088765693977
2024-03-01,312.107,0.34824285068122407
2024-04-01,313.016,0.2908229710563148
2024-05-01,313.14,0.039606743885212126
2024-06-01,313.131,-0.0028741551183486536
2024-07-01,313.566,0.13882308990167402
2024-08-01,314.131,0.1800232126613288
2024-09-01,314.851,0.2289414687495217
2024-10-01,315.564,0.22620029790365592
2024-11-01,316.449,0.28005771350851916
2024-12-01,317.603,0.3640084012757505
2025-01-01,319.086,0.46584837556142844
2025-02-01,319.775,0.21569645576446916
2025-03-01,319.615,-0.05004770276029191
2025-04-01,320.321,0.2206471542250732
2025-05-01,320.58,0.0808237197630568
2025-06-01,321.5,0.2865688479938733
